Model_Name,Training_Time(Seconds),Final_Training_Loss,Final_Validation_Loss,Test_Set_MSE,Test_Set_MAE,Network_Structure
Deep_Model_3Layers_64-32-16Nodes,45.16,0.25140878558158875,0.0080687515437603,0.0007207790183780889,0.021552776722354332,"Model: ""Polynomial_Fitting_FCN""
┏━━━━━━━━━━━━━━━━━━━━━━━━━━━━━━━━━┳━━━━━━━━━━━━━━━━━━━━━━━━┳━━━━━━━━━━━━━━━┓
┃ Layer (type)                    ┃ Output Shape           ┃       Param # ┃
┡━━━━━━━━━━━━━━━━━━━━━━━━━━━━━━━━━╇━━━━━━━━━━━━━━━━━━━━━━━━╇━━━━━━━━━━━━━━━┩
│ Hidden_Layer_1_64nodes (Dense)  │ (32, 64)               │           128 │
├─────────────────────────────────┼────────────────────────┼───────────────┤
│ BatchNorm_1                     │ (32, 64)               │           256 │
│ (BatchNormalization)            │                        │               │
├─────────────────────────────────┼────────────────────────┼───────────────┤
│ Hidden_Layer_2_32nodes (Dense)  │ (32, 32)               │         2,080 │
├─────────────────────────────────┼────────────────────────┼───────────────┤
│ BatchNorm_2                     │ (32, 32)               │           128 │
│ (BatchNormalization)            │                        │               │
├─────────────────────────────────┼────────────────────────┼───────────────┤
│ Hidden_Layer_3_16nodes (Dense)  │ (32, 16)               │           528 │
├─────────────────────────────────┼────────────────────────┼───────────────┤
│ BatchNorm_3                     │ (32, 16)               │            64 │
│ (BatchNormalization)            │                        │               │
├─────────────────────────────────┼────────────────────────┼───────────────┤
│ Output_Layer_1node (Dense)      │ (32, 1)                │            17 │
└─────────────────────────────────┴────────────────────────┴───────────────┘
 Total params: 9,157 (35.77 KB)
 Trainable params: 2,977 (11.63 KB)
 Non-trainable params: 224 (896.00 B)
 Optimizer params: 5,956 (23.27 KB)

"
