Epoch,Training_Loss(MSE),Validation_Loss(MSE),Training_MAE,Validation_MAE
1,6.925999164581299,9.182037353515625,2.0987751483917236,1.7900652885437012
2,1.713684320449829,5.8443989753723145,1.0986522436141968,1.5813891887664795
3,0.3528435230255127,4.224226474761963,0.45820552110671997,1.5787689685821533
4,0.2321925312280655,2.521267890930176,0.3657391369342804,1.2597482204437256
5,0.26991555094718933,0.6462650299072266,0.41195565462112427,0.6318387985229492
6,0.2578323483467102,0.14307144284248352,0.40235623717308044,0.3162620961666107
7,0.23885369300842285,0.015174233354628086,0.3771559000015259,0.09157945960760117
8,0.22394205629825592,0.040143102407455444,0.37310701608657837,0.1540399044752121
9,0.2680824100971222,0.001929523074068129,0.40554726123809814,0.03564043715596199
10,0.2502175569534302,0.004834664054214954,0.38799697160720825,0.05330496281385422
11,0.22677941620349884,0.009947669692337513,0.3734273910522461,0.07703247666358948
12,0.22709472477436066,0.005752512253820896,0.3777224123477936,0.05275111272931099
13,0.23400306701660156,0.00878069270402193,0.34969255328178406,0.06177305430173874
14,0.2345573455095291,0.019287340342998505,0.35197222232818604,0.11323472112417221
15,0.22662600874900818,0.006179077550768852,0.37736472487449646,0.06492523849010468
16,0.2666275203227997,0.0074210031889379025,0.39874008297920227,0.07550555467605591
17,0.23995405435562134,0.007727821357548237,0.3776319622993469,0.04897177219390869
18,0.24977663159370422,0.008752002380788326,0.3944411873817444,0.07905144989490509
19,0.2810390889644623,0.026983458548784256,0.40738892555236816,0.1286848932504654
20,0.2600502073764801,0.004350566305220127,0.39797443151474,0.044350143522024155
21,0.19897444546222687,0.009414054453372955,0.3348761200904846,0.06408317387104034
22,0.25116872787475586,0.022640423849225044,0.40103310346603394,0.12739433348178864
23,0.23333750665187836,0.011959785595536232,0.3799692392349243,0.08494734019041061
24,0.19406017661094666,0.019667604938149452,0.35784944891929626,0.12316194176673889
25,0.31268516182899475,0.00792261678725481,0.4318172037601471,0.060849159955978394
26,0.2367846518754959,0.003304258221760392,0.37458398938179016,0.04930572211742401
27,0.22608807682991028,0.01213363278657198,0.38283011317253113,0.08476108312606812
28,0.25691837072372437,0.00736115500330925,0.3962540924549103,0.05848730355501175
29,0.28549879789352417,0.03429180756211281,0.42599794268608093,0.15535983443260193
30,0.1978360116481781,0.01166611723601818,0.34459808468818665,0.08483542501926422
31,0.21872949600219727,0.0020426956471055746,0.36895468831062317,0.0305333249270916
32,0.242965430021286,0.022147085517644882,0.38146671652793884,0.1217598170042038
33,0.28667664527893066,0.0028910937253385782,0.4227847158908844,0.038169801235198975
34,0.24640515446662903,0.0028079727198928595,0.39135611057281494,0.04095453768968582
35,0.226498544216156,0.002905942965298891,0.36569952964782715,0.03924868255853653
36,0.2609158158302307,0.0013483447255566716,0.40248292684555054,0.02658138796687126
37,0.20729078352451324,0.00741938641294837,0.36840736865997314,0.06732296943664551
38,0.22678065299987793,0.008780347183346748,0.36367127299308777,0.07493072748184204
39,0.1846613734960556,0.002612826181575656,0.3294691741466522,0.04111156612634659
40,0.22460059821605682,0.004469729959964752,0.36610424518585205,0.054887834936380386
41,0.24222564697265625,0.005535762757062912,0.37474966049194336,0.057242587208747864
42,0.2167423963546753,0.0020044392440468073,0.3594829738140106,0.033421143889427185
43,0.2656993269920349,0.0023204998578876257,0.38665470480918884,0.03598026558756828
44,0.29918184876441956,0.0025913577992469072,0.42951807379722595,0.02992447279393673
45,0.3282097578048706,0.013185378164052963,0.4487001895904541,0.08382923156023026
46,0.22548028826713562,0.0033390677999705076,0.3679335117340088,0.045776933431625366
47,0.20457269251346588,0.002176333451643586,0.35446396470069885,0.0294708963483572
48,0.2111126184463501,0.0037217577919363976,0.3594100773334503,0.047244638204574585
49,0.26674750447273254,0.0037761968560516834,0.4092016816139221,0.045641954988241196
50,0.1741015911102295,0.003562670899555087,0.30219030380249023,0.03911001607775688
51,0.2543194591999054,0.0026204166933894157,0.40558063983917236,0.040609799325466156
52,0.23189304769039154,0.0021657985635101795,0.38041284680366516,0.029468748718500137
53,0.2195734977722168,0.001171582960523665,0.37022313475608826,0.02577904984354973
54,0.24642314016819,0.00458942586556077,0.38331642746925354,0.05262993648648262
55,0.18848539888858795,0.0020183478482067585,0.3500121533870697,0.03690676391124725
56,0.25590384006500244,0.0018738794606179,0.4055522084236145,0.02691924013197422
57,0.22791743278503418,0.0075295427814126015,0.3751790225505829,0.0642404556274414
58,0.2449556589126587,0.0035101280082017183,0.3942699730396271,0.043321527540683746
59,0.2271316647529602,0.0016766500193625689,0.3861513137817383,0.032483600080013275
60,0.27021974325180054,0.0016137206694111228,0.4154728651046753,0.029620619490742683
61,0.22267253696918488,0.0020187674090266228,0.3639857769012451,0.03540788218379021
62,0.301750510931015,0.002065840410068631,0.4260249435901642,0.033282097429037094
63,0.18054328858852386,0.0009289312292821705,0.32888394594192505,0.02103959023952484
64,0.24345561861991882,0.010600915178656578,0.3912999927997589,0.07881960272789001
65,0.2330426275730133,0.004466427024453878,0.39959049224853516,0.04815761744976044
66,0.23470650613307953,0.0012428248301148415,0.3978673815727234,0.02452208660542965
67,0.18398956954479218,0.0033379066735506058,0.344196617603302,0.04746004566550255
68,0.20828263461589813,0.0032045149710029364,0.3692478835582733,0.04725618660449982
69,0.26657623052597046,0.0045182672329247,0.4143581688404083,0.05404667183756828
70,0.2416807860136032,0.003477828111499548,0.3838845193386078,0.046852514147758484
71,0.1896921843290329,0.008398627862334251,0.34410369396209717,0.07540290057659149
72,0.23886552453041077,0.0022636002395302057,0.3818274438381195,0.03642428666353226
73,0.23307855427265167,0.0011727823875844479,0.3907521367073059,0.024923386052250862
74,0.2373676300048828,0.0051804473623633385,0.3988598883152008,0.06298349797725677
75,0.2339710295200348,0.01761508360505104,0.3842327296733856,0.11190826445817947
76,0.20635420083999634,0.0017072510672733188,0.36366453766822815,0.02941027842462063
77,0.22502990067005157,0.0011235548881813884,0.3781436085700989,0.022104479372501373
78,0.18977227807044983,0.0054430305026471615,0.3424031138420105,0.06264326721429825
79,0.2076840102672577,0.0017836878541857004,0.3539699912071228,0.032943662256002426
80,0.2756670415401459,0.009832406416535378,0.4105474650859833,0.07465612888336182
81,0.20285001397132874,0.010893304832279682,0.3494151830673218,0.08530250191688538
82,0.21195027232170105,0.002007316332310438,0.3749227821826935,0.03449910134077072
83,0.21210159361362457,0.001543105929158628,0.3612295985221863,0.030156873166561127
84,0.2539346218109131,0.0017171987565234303,0.3980729281902313,0.029056789353489876
85,0.2585691511631012,0.0018995376303792,0.3996710181236267,0.024989264085888863
86,0.23684126138687134,0.0013752005761489272,0.3758786618709564,0.02815931662917137
87,0.24853748083114624,0.0012446739710867405,0.40614044666290283,0.023563191294670105
88,0.23410728573799133,0.0034385828766971827,0.38293537497520447,0.049055375158786774
89,0.19830361008644104,0.0017791714053601027,0.36075514554977417,0.02839766815304756
90,0.2628597319126129,0.003284985665231943,0.415974885225296,0.03435346484184265
91,0.1918341964483261,0.0007575424388051033,0.3537139296531677,0.020231813192367554
92,0.23267368972301483,0.0018055385444313288,0.38066136837005615,0.034686729311943054
93,0.25154173374176025,0.0010432982817292213,0.39318713545799255,0.021527450531721115
94,0.21339993178844452,0.001428624615073204,0.37213748693466187,0.02674940787255764
95,0.20610949397087097,0.0013589119771495461,0.3659048080444336,0.02753591351211071
96,0.21798625588417053,0.00112610321957618,0.3654648959636688,0.026315763592720032
97,0.23745785653591156,0.0027657870668917894,0.3800617754459381,0.039652179926633835
98,0.23520036041736603,0.0015380752738565207,0.39203178882598877,0.029388928785920143
99,0.2481340616941452,0.0012259212089702487,0.40496325492858887,0.022778881713747978
100,0.2095210701227188,0.0011790533317252994,0.36155077815055847,0.0251949280500412
101,0.3103202283382416,0.0015308659058064222,0.4366787075996399,0.02642541378736496
102,0.1726488322019577,0.001756869605742395,0.33908337354660034,0.03343323618173599
103,0.2117522805929184,0.0020119857508689165,0.3674110472202301,0.03447267413139343
104,0.2023404836654663,0.0011660180753096938,0.36468127369880676,0.021640093997120857
105,0.3601127564907074,0.00685148686170578,0.474565714597702,0.06795826554298401
106,0.2295527458190918,0.0031156090553849936,0.38550007343292236,0.04172387346625328
107,0.23519544303417206,0.0012381847482174635,0.3842995762825012,0.021776197478175163
108,0.1969260275363922,0.0013141153613105416,0.3617085814476013,0.026683339849114418
109,0.2283908724784851,0.0011798724299296737,0.38399460911750793,0.0224120132625103
110,0.20027294754981995,0.0009314626222476363,0.3394828140735626,0.02046254090964794
111,0.2273513674736023,0.0015328916488215327,0.37970149517059326,0.028397126123309135
112,0.2286636233329773,0.002503717551007867,0.3863954246044159,0.03431779146194458
113,0.24250401556491852,0.0011455862550064921,0.4075165390968323,0.020561600103974342
114,0.21546804904937744,0.0009020944125950336,0.34986066818237305,0.021106351166963577
115,0.22618989646434784,0.0022912167478352785,0.36369645595550537,0.03719206154346466
116,0.18568776547908783,0.0019600687082856894,0.34468597173690796,0.03347717598080635
117,0.20273670554161072,0.0010754833929240704,0.3528607189655304,0.025057585909962654
118,0.20460277795791626,0.001137091196142137,0.3403056263923645,0.02294059842824936
119,0.1838097870349884,0.0007169750751927495,0.33698368072509766,0.018038207665085793
120,0.2539157569408417,0.004387612920254469,0.3958997130393982,0.05175250023603439
121,0.25240278244018555,0.0009415614185854793,0.3943405747413635,0.02152974344789982
122,0.20635828375816345,0.001479525351896882,0.3585948348045349,0.03342900797724724
123,0.21118855476379395,0.0008239771123044193,0.3627363443374634,0.019194412976503372
124,0.2453843653202057,0.0013554218458011746,0.3985712230205536,0.023987993597984314
125,0.20989903807640076,0.0014530426124110818,0.36628609895706177,0.024773720651865005
126,0.20494495332241058,0.0010692235082387924,0.3512972295284271,0.025711670517921448
127,0.18886947631835938,0.00271219527348876,0.3493996262550354,0.03897750377655029
128,0.19599150121212006,0.0026645055040717125,0.3572878837585449,0.04107200726866722
129,0.2244074046611786,0.0018691617297008634,0.3611222207546234,0.03196820244193077
130,0.21508780121803284,0.0016752411611378193,0.3599518835544586,0.0334092415869236
131,0.16784514486789703,0.0006651844596490264,0.32472074031829834,0.01842283457517624
132,0.22337131202220917,0.0008688465459272265,0.37111538648605347,0.02200353890657425
133,0.2328750044107437,0.001716658822260797,0.3705494999885559,0.02780938893556595
134,0.2100912481546402,0.0007371652172878385,0.35998377203941345,0.01749466545879841
135,0.22793948650360107,0.0010814308188855648,0.4004083573818207,0.025199849158525467
136,0.19883765280246735,0.002349725691601634,0.3631216883659363,0.03684496507048607
137,0.19827698171138763,0.002487264573574066,0.3574307858943939,0.038955871015787125
138,0.21928022801876068,0.0009109464008361101,0.36875832080841064,0.019554151222109795
139,0.2476816624403,0.0012090589152649045,0.37123531103134155,0.02089736983180046
140,0.2622693181037903,0.0012901801383122802,0.4130013585090637,0.020636990666389465
141,0.21783900260925293,0.0034214656334370375,0.372476190328598,0.045952584594488144
142,0.27261674404144287,0.001063948031514883,0.41843336820602417,0.023807018995285034
143,0.2369992434978485,0.0008096805540844798,0.39492499828338623,0.018038589507341385
144,0.2254335731267929,0.001001451164484024,0.37737616896629333,0.018901117146015167
145,0.2354763001203537,0.0026724347844719887,0.3858391046524048,0.04128140211105347
146,0.22861453890800476,0.001057403045706451,0.37640395760536194,0.02234404720366001
147,0.21427226066589355,0.001108501572161913,0.3637956976890564,0.0192439965903759
148,0.23784449696540833,0.0017656527925282717,0.4056563079357147,0.03077821619808674
149,0.26013725996017456,0.0010277960682287812,0.4034258723258972,0.020110705867409706
150,0.27161362767219543,0.00154888816177845,0.41730833053588867,0.02857024595141411
151,0.2362624704837799,0.002016519196331501,0.38367125391960144,0.028041301295161247
152,0.20349431037902832,0.002134661190211773,0.3601827323436737,0.03181036561727524
153,0.24914370477199554,0.0010651294142007828,0.40214163064956665,0.020436162129044533
154,0.19811703264713287,0.0011893867049366236,0.35169312357902527,0.02345418743789196
155,0.20514541864395142,0.0012717362260445952,0.3650909662246704,0.021231379359960556
156,0.28013303875923157,0.0011622640304267406,0.4294339120388031,0.02447195164859295
157,0.21930772066116333,0.0009331768378615379,0.3770398795604706,0.018625235185027122
158,0.18235436081886292,0.0013319534482434392,0.339048832654953,0.027025718241930008
159,0.21243539452552795,0.0010976932244375348,0.3788655698299408,0.0194978229701519
160,0.23279592394828796,0.0008541260613128543,0.3884393274784088,0.018058301880955696
161,0.23445294797420502,0.0016486062668263912,0.4014143645763397,0.03056078404188156
162,0.19242385029792786,0.0014925656141713262,0.34901532530784607,0.030441781505942345
163,0.21120764315128326,0.0015851471107453108,0.3683018386363983,0.029082510620355606
164,0.20617860555648804,0.0008056291844695807,0.3664059340953827,0.018048759549856186
165,0.26275622844696045,0.001062182360328734,0.418770432472229,0.01902078278362751
166,0.19576197862625122,0.0015119765885174274,0.3596823215484619,0.02860667183995247
167,0.2050500512123108,0.000802341615781188,0.36667343974113464,0.020677020773291588
168,0.1837935894727707,0.0007402892806567252,0.3472217321395874,0.018109526485204697
169,0.20979584753513336,0.0019584987312555313,0.3576034903526306,0.0349416546523571
170,0.21044784784317017,0.000872103264555335,0.35983753204345703,0.019126545637845993
171,0.24739974737167358,0.0012258420465514064,0.39746829867362976,0.02235586941242218
172,0.2245488464832306,0.0011976270470768213,0.38530194759368896,0.0217813178896904
173,0.21414035558700562,0.0010684989392757416,0.36361080408096313,0.02327956259250641
174,0.20086677372455597,0.0009321779944002628,0.35127535462379456,0.018303781747817993
175,0.24977058172225952,0.0011838664067909122,0.37628403306007385,0.021371476352214813
176,0.20814096927642822,0.0010655161458998919,0.3586958646774292,0.019596070051193237
177,0.20571479201316833,0.0010877607855945826,0.3781009316444397,0.023916030302643776
178,0.25008049607276917,0.0014477708609774709,0.3976965546607971,0.03025832399725914
179,0.2644512355327606,0.000976014940533787,0.42157500982284546,0.02139849215745926
180,0.18504463136196136,0.0010062482906505466,0.3484460115432739,0.01896064542233944
181,0.22198984026908875,0.0008637403952889144,0.39394277334213257,0.017859863117337227
